folder,family,domain.file,problem,planner,plan.size,planner.calls,prep.time,planner.time,planner.search.time,inference.time,instance.time,total.acc.time
"minesweeper_d3.txt",minesweeper,04x03,04x03,ff,-1,2,0.164009,0.760047,0.050000,0.000000,0.760047,0.928056
"minesweeper_d3.txt",minesweeper,04x03,04x03,ff,-1,4,0.164010,1.448090,0.070000,0.008001,1.456090,1.624100
"minesweeper_d3.txt",minesweeper,04x03,04x03,ff,14,3,0.168010,1.088070,0.050000,0.008001,1.096070,1.268080
"minesweeper_d3.txt",minesweeper,04x03,04x03,ff,-1,3,0.164009,1.080070,0.040000,0.004000,1.088070,1.256080
"minesweeper_d3.txt",minesweeper,04x03,04x03,ff,-1,5,0.164010,1.792110,0.090000,0.004001,1.800110,1.968120
"minesweeper_d3.txt",minesweeper,04x03,04x03,ff,14,3,0.220013,1.068070,0.020000,0.008000,1.076070,1.296080
"minesweeper_d3.txt",minesweeper,04x03,04x03,ff,-1,2,0.308018,0.752046,0.050000,0.008001,0.760047,1.072070
"minesweeper_d3.txt",minesweeper,04x03,04x03,ff,-1,4,0.192011,1.468090,0.080000,0.004001,1.472090,1.668100
"minesweeper_d3.txt",minesweeper,04x03,04x03,ff,-1,3,0.260016,1.144070,0.070000,0.004000,1.148070,1.412090
"minesweeper_d3.txt",minesweeper,04x03,04x03,ff,14,2,0.280016,0.728045,0.030000,0.012000,0.740045,1.024060
"minesweeper_d3.txt",minesweeper,04x03,04x03,ff,-1,2,0.168010,0.752045,0.040000,0.004001,0.760047,0.932057
"minesweeper_d3.txt",minesweeper,04x03,04x03,ff,-1,3,0.164010,1.104070,0.060000,0.008000,1.116070,1.280080
"minesweeper_d3.txt",minesweeper,04x03,04x03,ff,14,2,0.168009,0.760048,0.020000,0.008000,0.768048,0.936057
"minesweeper_d3.txt",minesweeper,04x03,04x03,ff,14,4,0.168010,1.416090,0.060000,0.008000,1.424090,1.596100
"minesweeper_d3.txt",minesweeper,04x03,04x03,ff,-1,2,0.212012,0.940058,0.040000,0.008001,0.952059,1.168070
"minesweeper_d3.txt",minesweeper,04x03,04x03,ff,-1,3,0.160009,1.264080,0.050000,0.008000,1.276080,1.440090
"minesweeper_d3.txt",minesweeper,04x03,04x03,ff,-1,2,0.212012,0.800051,0.050000,0.004000,0.804051,1.016060
"minesweeper_d3.txt",minesweeper,04x03,04x03,ff,14,3,0.164009,1.288080,0.060000,0.012002,1.304080,1.472090
"minesweeper_d3.txt",minesweeper,04x03,04x03,ff,14,2,0.164009,0.768048,0.030000,0.012001,0.780049,0.948058
"minesweeper_d3.txt",minesweeper,04x03,04x03,ff,-1,4,0.200011,1.604100,0.060000,0.016001,1.624100,1.828110
"minesweeper_d3.txt",minesweeper,04x03,04x03,ff,14,3,0.172010,1.100070,0.060000,0.012001,1.116070,1.288080
"minesweeper_d3.txt",minesweeper,04x03,04x03,ff,-1,2,0.180010,0.976061,0.050000,0.008000,0.984061,1.168070
"minesweeper_d3.txt",minesweeper,04x03,04x03,ff,14,2,0.180010,0.948059,0.030000,0.012000,0.964059,1.144070
"minesweeper_d3.txt",minesweeper,04x03,04x03,ff,14,2,0.180011,0.916056,0.040000,0.012001,0.928057,1.112070
"minesweeper_d3.txt",minesweeper,04x03,04x03,ff,-1,3,0.172010,1.124070,0.050000,0.008000,1.132070,1.308080
"minesweeper_d3.txt",minesweeper,04x03,04x03,ff,14,2,0.184011,0.780048,0.030000,0.012000,0.792048,0.980059
"minesweeper_d3.txt",minesweeper,04x03,04x03,ff,-1,5,0.204012,1.732110,0.090000,0.008001,1.748110,1.956120
"minesweeper_d3.txt",minesweeper,04x03,04x03,ff,-1,3,0.172010,1.144070,0.060000,0.012000,1.156070,1.328080
"minesweeper_d3.txt",minesweeper,04x03,04x03,ff,-1,1,0.668041,1.208080,0.040000,0.012000,1.228080,1.908120
"minesweeper_d3.txt",minesweeper,04x03,04x03,ff,-1,3,0.164010,1.248080,0.050000,0.004000,1.256080,1.424090
"minesweeper_d3.txt",minesweeper,04x03,04x03,ff,-1,3,0.540033,2.628160,0.040000,0.012001,2.640170,3.184200
"minesweeper_d3.txt",minesweeper,04x03,04x03,ff,14,2,0.168010,0.772047,0.030000,0.008000,0.784048,0.952058
"minesweeper_d3.txt",minesweeper,04x03,04x03,ff,14,4,0.172010,1.428090,0.070000,0.004000,1.432090,1.608100
"minesweeper_d3.txt",minesweeper,04x03,04x03,ff,-1,2,0.692042,1.600100,0.040000,0.008001,1.608100,2.316140
"minesweeper_d3.txt",minesweeper,04x03,04x03,ff,-1,2,0.260015,1.416090,0.060000,0.004000,1.420090,1.684100
"minesweeper_d3.txt",minesweeper,04x03,04x03,ff,14,2,0.168010,0.748046,0.040000,0.008000,0.756046,0.928056
"minesweeper_d3.txt",minesweeper,04x03,04x03,ff,14,3,0.204012,1.176070,0.040000,0.008000,1.184070,1.388090
"minesweeper_d3.txt",minesweeper,04x03,04x03,ff,14,2,0.180011,1.016060,0.050000,0.008000,1.024060,1.208070
"minesweeper_d3.txt",minesweeper,04x03,04x03,ff,14,3,0.196012,2.128130,0.090000,0.012000,2.144130,2.344150
"minesweeper_d3.txt",minesweeper,04x03,04x03,ff,14,3,0.192011,1.232080,0.030000,0.008000,1.244080,1.440090
"minesweeper_d3.txt",minesweeper,04x03,04x03,ff,14,3,0.196011,3.440210,0.090000,0.008001,3.456220,3.652230
"minesweeper_d3.txt",minesweeper,04x03,04x03,ff,-1,5,0.200011,3.132190,0.090000,0.008000,3.144200,3.348210
"minesweeper_d3.txt",minesweeper,04x03,04x03,ff,14,4,0.280017,1.592100,0.070000,0.008001,1.608100,1.892120
"minesweeper_d3.txt",minesweeper,04x03,04x03,ff,14,2,0.528032,1.360080,0.040000,0.008000,1.376080,1.912120
"minesweeper_d3.txt",minesweeper,04x03,04x03,ff,-1,3,0.196011,2.028130,0.060000,0.008000,2.036130,2.236140
"minesweeper_d3.txt",minesweeper,04x03,04x03,ff,14,3,0.192011,1.448090,0.060000,0.008001,1.460090,1.656100
"minesweeper_d3.txt",minesweeper,04x03,04x03,ff,-1,3,0.164010,2.384150,0.090000,0.000000,2.384150,2.552160
"minesweeper_d3.txt",minesweeper,04x03,04x03,ff,-1,2,0.304018,1.668100,0.030000,0.012000,1.680100,1.988120
"minesweeper_d3.txt",minesweeper,04x03,04x03,ff,-1,4,0.192012,1.600100,0.080000,0.004000,1.604100,1.800110
"minesweeper_d3.txt",minesweeper,04x03,04x03,ff,-1,4,0.344021,2.204140,0.090000,0.004000,2.208140,2.560160
"minesweeper_d3.txt",minesweeper,04x03,04x03,ff,-1,2,0.156009,0.748047,0.040000,0.000000,0.748047,0.904056
"minesweeper_d3.txt",minesweeper,04x03,04x03,ff,-1,3,0.168010,1.372090,0.080000,0.008001,1.380090,1.552100
"minesweeper_d3.txt",minesweeper,04x03,04x03,ff,-1,3,0.496030,1.996120,0.060000,0.004000,2.008120,2.512160
"minesweeper_d3.txt",minesweeper,04x03,04x03,ff,-1,3,0.184011,1.164070,0.070000,0.008001,1.172070,1.360080
"minesweeper_d3.txt",minesweeper,04x03,04x03,ff,-1,4,0.192011,1.720110,0.060000,0.004000,1.728110,1.924120
"minesweeper_d3.txt",minesweeper,04x03,04x03,ff,14,3,0.180010,1.576100,0.040000,0.016001,1.592100,1.772110
"minesweeper_d3.txt",minesweeper,04x03,04x03,ff,-1,4,0.168010,1.740110,0.100000,0.000000,1.748110,1.920120
"minesweeper_d3.txt",minesweeper,04x03,04x03,ff,-1,4,0.196011,1.756110,0.080000,0.004000,1.760110,1.960120
"minesweeper_d3.txt",minesweeper,04x03,04x03,ff,14,3,0.268016,1.104070,0.040000,0.016002,1.120070,1.392090
"minesweeper_d3.txt",minesweeper,04x03,04x03,ff,14,2,0.176010,0.756046,0.030000,0.012001,0.772047,0.948057
"minesweeper_d3.txt",minesweeper,04x03,04x03,ff,-1,2,0.172010,0.760047,0.040000,0.008000,0.768047,0.944057
"minesweeper_d3.txt",minesweeper,04x03,04x03,ff,-1,3,0.180010,1.352080,0.090000,0.000000,1.352080,1.536090
"minesweeper_d3.txt",minesweeper,04x03,04x03,ff,14,2,0.196012,1.088070,0.030000,0.008001,1.100070,1.296080
"minesweeper_d3.txt",minesweeper,04x03,04x03,ff,-1,3,0.188011,1.456090,0.070000,0.004000,1.464090,1.656100
"minesweeper_d3.txt",minesweeper,04x03,04x03,ff,-1,3,0.164010,1.120070,0.080000,0.000000,1.124070,1.288080
"minesweeper_d3.txt",minesweeper,04x03,04x03,ff,-1,2,0.200012,1.248080,0.040000,0.012001,1.260080,1.464090
"minesweeper_d3.txt",minesweeper,04x03,04x03,ff,-1,2,0.204012,0.920056,0.030000,0.004001,0.924057,1.128070
"minesweeper_d3.txt",minesweeper,04x03,04x03,ff,-1,4,0.176010,1.664100,0.080000,0.000000,1.668100,1.844110
"minesweeper_d3.txt",minesweeper,04x03,04x03,ff,-1,3,0.184011,1.268080,0.100000,0.004000,1.272080,1.460090
"minesweeper_d3.txt",minesweeper,04x03,04x03,ff,-1,3,0.180011,1.812110,0.060000,0.008000,1.820110,2.004120
"minesweeper_d3.txt",minesweeper,04x03,04x03,ff,14,3,0.180010,1.212070,0.040000,0.008000,1.220070,1.404090
"minesweeper_d3.txt",minesweeper,04x03,04x03,ff,-1,3,0.176010,1.364080,0.060000,0.004000,1.368080,1.544090
"minesweeper_d3.txt",minesweeper,04x03,04x03,ff,-1,3,0.164010,1.288080,0.070000,0.000000,1.288080,1.456090
"minesweeper_d3.txt",minesweeper,04x03,04x03,ff,14,3,0.264015,1.864120,0.060000,0.004000,1.872120,2.140130
"minesweeper_d3.txt",minesweeper,04x03,04x03,ff,14,2,0.208012,0.804050,0.020000,0.004001,0.812051,1.024060
"minesweeper_d3.txt",minesweeper,04x03,04x03,ff,-1,2,0.168010,0.996062,0.030000,0.000000,0.996062,1.168070
"minesweeper_d3.txt",minesweeper,04x03,04x03,ff,-1,1,0.192011,0.556034,0.030000,0.000000,0.560034,0.756046
"minesweeper_d3.txt",minesweeper,04x03,04x03,ff,-1,3,0.260016,1.640100,0.050000,0.004000,1.652100,1.916120
"minesweeper_d3.txt",minesweeper,04x03,04x03,ff,-1,3,0.204012,1.408090,0.070000,0.004001,1.416090,1.624100
"minesweeper_d3.txt",minesweeper,04x03,04x03,ff,-1,2,0.184011,1.144070,0.040000,0.008000,1.152070,1.336080
"minesweeper_d3.txt",minesweeper,04x03,04x03,ff,-1,5,0.204012,2.136130,0.100000,0.012000,2.152130,2.360150
"minesweeper_d3.txt",minesweeper,04x03,04x03,ff,14,3,0.192011,2.312140,0.040000,0.016001,2.328150,2.524160
"minesweeper_d3.txt",minesweeper,04x03,04x03,ff,-1,4,0.196011,1.668100,0.080000,0.000000,1.672100,1.872120
"minesweeper_d3.txt",minesweeper,04x03,04x03,ff,-1,3,0.196011,1.476090,0.070000,0.008001,1.484090,1.684100
"minesweeper_d3.txt",minesweeper,04x03,04x03,ff,-1,2,0.168009,0.832051,0.040000,0.008001,0.840052,1.012060
"minesweeper_d3.txt",minesweeper,04x03,04x03,ff,-1,3,0.184011,1.420090,0.060000,0.004000,1.428090,1.616100
"minesweeper_d3.txt",minesweeper,04x03,04x03,ff,14,3,0.192011,1.336080,0.070000,0.004000,1.344080,1.540090
"minesweeper_d3.txt",minesweeper,04x03,04x03,ff,-1,2,0.188011,0.892055,0.020000,0.012001,0.908056,1.100070
"minesweeper_d3.txt",minesweeper,04x03,04x03,ff,14,3,0.168010,1.212070,0.070000,0.012000,1.224080,1.392090
"minesweeper_d3.txt",minesweeper,04x03,04x03,ff,14,2,0.196012,0.964059,0.030000,0.004000,0.968059,1.168070
"minesweeper_d3.txt",minesweeper,04x03,04x03,ff,-1,3,0.196012,1.556100,0.060000,0.008001,1.568100,1.768110
"minesweeper_d3.txt",minesweeper,04x03,04x03,ff,-1,2,0.176010,0.964059,0.050000,0.008001,0.972060,1.152070
"minesweeper_d3.txt",minesweeper,04x03,04x03,ff,-1,2,0.172010,0.892055,0.040000,0.008000,0.900055,1.076070
"minesweeper_d3.txt",minesweeper,04x03,04x03,ff,-1,3,0.196012,1.592100,0.080000,0.000000,1.596100,1.796110
"minesweeper_d3.txt",minesweeper,04x03,04x03,ff,-1,3,0.172010,1.312080,0.060000,0.008000,1.324080,1.500090
"minesweeper_d3.txt",minesweeper,04x03,04x03,ff,14,4,0.200012,1.648100,0.070000,0.008001,1.656100,1.860110
"minesweeper_d3.txt",minesweeper,04x03,04x03,ff,-1,1,0.200012,0.476028,0.030000,0.004001,0.480029,0.684041
"minesweeper_d3.txt",minesweeper,04x03,04x03,ff,-1,5,0.232014,2.860180,0.110000,0.012000,2.872180,3.108190
"minesweeper_d3.txt",minesweeper,04x03,04x03,ff,-1,1,0.168010,0.576035,0.030000,0.008000,0.584035,0.756045
"minesweeper_d3.txt",minesweeper,04x03,04x03,ff,-1,2,0.172010,0.972060,0.050000,0.008001,0.980061,1.156070
"minesweeper_d3.txt",minesweeper,04x04,04x04,ff,18,2,1.084070,4.436270,0.080000,0.044003,4.488280,5.580350
"minesweeper_d3.txt",minesweeper,04x04,04x04,ff,18,5,1.308080,13.592800,0.140000,0.052002,13.644900,14.968900
"minesweeper_d3.txt",minesweeper,04x04,04x04,ff,-1,3,1.020060,6.308390,0.180000,0.012000,6.328390,7.360460
"minesweeper_d3.txt",minesweeper,04x04,04x04,ff,18,4,1.112070,12.976800,0.090000,0.052005,13.028800,14.152900
"minesweeper_d3.txt",minesweeper,04x04,04x04,ff,-1,3,1.108070,11.208700,0.100000,0.032002,11.248700,12.364800
"minesweeper_d3.txt",minesweeper,04x04,04x04,ff,-1,4,1.224080,11.040700,0.210000,0.016001,11.064700,12.300800
"minesweeper_d3.txt",minesweeper,04x04,04x04,ff,18,4,1.096070,12.920800,0.160000,0.056005,12.976800,14.084900
"minesweeper_d3.txt",minesweeper,04x04,04x04,ff,-1,6,1.208080,17.133100,0.280000,0.040005,17.185100,18.405100
"minesweeper_d3.txt",minesweeper,04x04,04x04,ff,-1,4,1.044060,10.148600,0.180000,0.020004,10.176600,11.232700
"minesweeper_d3.txt",minesweeper,04x04,04x04,ff,18,2,1.252080,8.272520,0.050000,0.048003,8.320520,9.584600
"minesweeper_d3.txt",minesweeper,04x04,04x04,ff,-1,6,1.076070,23.985500,0.310000,0.044004,24.029500,25.117600
"minesweeper_d3.txt",minesweeper,04x04,04x04,ff,18,4,1.116070,14.492900,0.170000,0.052003,14.552900,15.677000
"minesweeper_d3.txt",minesweeper,04x04,04x04,ff,-1,4,1.268080,12.760800,0.200000,0.012002,12.784800,14.064900
"minesweeper_d3.txt",minesweeper,04x04,04x04,ff,-1,4,1.104070,10.728700,0.160000,0.024002,10.768700,11.880700
"minesweeper_d3.txt",minesweeper,04x04,04x04,ff,18,4,1.112070,8.468530,0.160000,0.052002,8.524530,9.644600
"minesweeper_d3.txt",minesweeper,04x04,04x04,ff,-1,2,1.060060,6.356400,0.060000,0.036002,6.392400,7.460460
"minesweeper_d3.txt",minesweeper,04x04,04x04,ff,18,3,1.184070,7.000440,0.110000,0.060004,7.060440,8.256510
"minesweeper_d3.txt",minesweeper,04x04,04x04,ff,-1,4,1.116070,13.268800,0.140000,0.048004,13.320800,14.448900
"minesweeper_d3.txt",minesweeper,04x04,04x04,ff,18,6,1.080070,13.620800,0.240000,0.048004,13.672900,14.764900
"minesweeper_d3.txt",minesweeper,04x04,04x04,ff,-1,3,1.280080,9.092570,0.120000,0.020004,9.112570,10.404600
"minesweeper_d3.txt",minesweeper,04x04,04x04,ff,-1,3,1.220080,8.612540,0.110000,0.028003,8.644540,9.876620
"minesweeper_d3.txt",minesweeper,04x04,04x04,ff,-1,3,1.064060,10.464700,0.150000,0.012000,10.480700,11.556700
"minesweeper_d3.txt",minesweeper,04x04,04x04,ff,18,3,1.048070,10.480700,0.080000,0.044002,10.540700,11.596700
"minesweeper_d3.txt",minesweeper,04x04,04x04,ff,18,5,1.196070,14.992900,0.190000,0.052004,15.044900,16.253000
"minesweeper_d3.txt",minesweeper,04x04,04x04,ff,-1,4,1.116070,11.968700,0.190000,0.024001,11.996700,13.128800
"minesweeper_d3.txt",minesweeper,04x04,04x04,ff,-1,1,1.224080,3.212200,0.040000,0.020001,3.232200,4.472280
"minesweeper_d3.txt",minesweeper,04x04,04x04,ff,-1,6,1.056060,22.705400,0.340000,0.032002,22.753400,23.821500
"minesweeper_d3.txt",minesweeper,04x04,04x04,ff,18,3,1.324080,9.008560,0.100000,0.048004,9.060570,10.400600
"minesweeper_d3.txt",minesweeper,04x04,04x04,ff,18,2,1.064060,6.732420,0.060000,0.048002,6.788420,7.860490
"minesweeper_d3.txt",minesweeper,04x04,04x04,ff,-1,6,1.052070,16.977100,0.240000,0.032002,17.021100,18.085100
"minesweeper_d3.txt",minesweeper,04x04,04x04,ff,-1,3,1.240080,10.200600,0.150000,0.016001,10.216600,11.468700
"minesweeper_d3.txt",minesweeper,04x04,04x04,ff,18,6,1.256080,13.920900,0.220000,0.040003,13.972900,15.245000
"minesweeper_d3.txt",minesweeper,04x04,04x04,ff,18,5,1.012060,8.992560,0.170000,0.044001,9.040560,10.064600
"minesweeper_d3.txt",minesweeper,04x04,04x04,ff,-1,2,1.196070,6.968430,0.110000,0.036002,7.008440,8.220510
"minesweeper_d3.txt",minesweeper,04x04,04x04,ff,-1,4,1.040060,10.996700,0.170000,0.012002,11.020700,12.072800
"minesweeper_d3.txt",minesweeper,04x04,04x04,ff,-1,7,1.036060,15.148900,0.280000,0.036001,15.188900,16.237000
"minesweeper_d3.txt",minesweeper,04x04,04x04,ff,-1,4,1.020060,8.900560,0.130000,0.032001,8.940560,9.972620
"minesweeper_d3.txt",minesweeper,04x04,04x04,ff,-1,5,1.352080,13.500800,0.370000,0.040000,13.540800,14.904900
"minesweeper_d3.txt",minesweeper,04x04,04x04,ff,-1,2,1.216080,6.536410,0.090000,0.028001,6.568410,7.800490
"minesweeper_d3.txt",minesweeper,04x04,04x04,ff,18,5,1.124070,11.848700,0.160000,0.048004,11.900700,13.036800
"minesweeper_d3.txt",minesweeper,04x04,04x04,ff,-1,1,1.200070,3.148200,0.050000,0.028001,3.176200,4.388270
"minesweeper_d3.txt",minesweeper,04x04,04x04,ff,18,4,1.208070,11.264700,0.140000,0.044002,11.312700,12.528800
"minesweeper_d3.txt",minesweeper,04x04,04x04,ff,-1,3,1.100070,7.084440,0.140000,0.020001,7.104440,8.216510
"minesweeper_d3.txt",minesweeper,04x04,04x04,ff,-1,4,1.312080,11.668700,0.180000,0.024001,11.696700,13.028800
"minesweeper_d3.txt",minesweeper,04x04,04x04,ff,18,5,1.032060,11.764700,0.210000,0.052004,11.820700,12.864800
"minesweeper_d3.txt",minesweeper,04x04,04x04,ff,-1,4,1.132070,8.540530,0.200000,0.024002,8.564540,9.708600
"minesweeper_d3.txt",minesweeper,04x04,04x04,ff,-1,4,1.264080,10.976700,0.330000,0.012003,10.988700,12.264800
"minesweeper_d3.txt",minesweeper,04x04,04x04,ff,-1,3,1.068070,6.848430,0.140000,0.020000,6.868430,7.948500
"minesweeper_d3.txt",minesweeper,04x04,04x04,ff,-1,4,1.056060,9.520600,0.160000,0.016000,9.544600,10.612700
"minesweeper_d3.txt",minesweeper,04x04,04x04,ff,-1,2,1.852120,5.596350,0.100000,0.024001,5.624350,7.492470
"minesweeper_d3.txt",minesweeper,04x04,04x04,ff,18,5,1.124070,12.492800,0.130000,0.052002,12.544800,13.680900
"minesweeper_d3.txt",minesweeper,04x04,04x04,ff,18,4,1.068070,11.452700,0.140000,0.040004,11.496700,12.576800
"minesweeper_d3.txt",minesweeper,04x04,04x04,ff,18,4,1.616100,10.648700,0.180000,0.036003,10.684700,12.316800
"minesweeper_d3.txt",minesweeper,04x04,04x04,ff,-1,1,1.244080,4.592290,0.050000,0.028002,4.620290,5.876370
"minesweeper_d3.txt",minesweeper,04x04,04x04,ff,-1,5,1.168070,14.736900,0.200000,0.028002,14.772900,15.953000
"minesweeper_d3.txt",minesweeper,04x04,04x04,ff,-1,3,1.096070,7.924490,0.090000,0.044003,7.976500,9.088570
"minesweeper_d3.txt",minesweeper,04x04,04x04,ff,-1,4,1.056070,11.212700,0.180000,0.020001,11.244700,12.312800
"minesweeper_d3.txt",minesweeper,04x04,04x04,ff,-1,2,1.072070,5.104320,0.080000,0.044001,5.152320,6.236390
"minesweeper_d3.txt",minesweeper,04x04,04x04,ff,-1,4,1.208080,11.092700,0.160000,0.028002,11.128700,12.348800
"minesweeper_d3.txt",minesweeper,04x04,04x04,ff,-1,3,1.108070,9.244580,0.150000,0.020000,9.268580,10.388600
"minesweeper_d3.txt",minesweeper,04x04,04x04,ff,18,5,1.040060,11.512700,0.210000,0.040002,11.556700,12.608800
"minesweeper_d3.txt",minesweeper,04x04,04x04,ff,-1,2,1.060070,6.488400,0.050000,0.028004,6.516410,7.584470
"minesweeper_d3.txt",minesweeper,04x04,04x04,ff,-1,8,1.052070,18.061100,0.280000,0.068006,18.133100,19.193200
"minesweeper_d3.txt",minesweeper,04x04,04x04,ff,18,3,1.064070,7.396460,0.090000,0.048002,7.448460,8.524530
"minesweeper_d3.txt",minesweeper,04x04,04x04,ff,18,2,1.244080,6.604410,0.050000,0.036001,6.644410,7.900490
"minesweeper_d3.txt",minesweeper,04x04,04x04,ff,18,2,1.240080,5.976370,0.070000,0.036002,6.012380,7.264450
"minesweeper_d3.txt",minesweeper,04x04,04x04,ff,-1,7,1.080070,16.233000,0.210000,0.039998,16.289000,17.381100
"minesweeper_d3.txt",minesweeper,04x04,04x04,ff,-1,3,1.184070,9.480590,0.110000,0.036003,9.524600,10.720700
"minesweeper_d3.txt",minesweeper,04x04,04x04,ff,18,4,1.056060,11.600700,0.140000,0.044003,11.648700,12.716800
"minesweeper_d3.txt",minesweeper,04x04,04x04,ff,18,4,1.048060,9.336580,0.110000,0.048003,9.392590,10.452700
"minesweeper_d3.txt",minesweeper,04x04,04x04,ff,-1,4,1.076070,10.196600,0.180000,0.012001,10.212600,11.296700
"minesweeper_d3.txt",minesweeper,04x04,04x04,ff,-1,1,1.156070,4.176260,0.040000,0.036003,4.216260,5.384340
"minesweeper_d3.txt",minesweeper,04x04,04x04,ff,-1,4,1.096070,10.732700,0.170000,0.020000,10.752700,11.860700
"minesweeper_d3.txt",minesweeper,04x04,04x04,ff,-1,2,1.184070,6.076380,0.110000,0.020001,6.096380,7.296450
"minesweeper_d3.txt",minesweeper,04x04,04x04,ff,-1,2,1.192070,6.868430,0.080000,0.024003,6.896430,8.100500
"minesweeper_d3.txt",minesweeper,04x04,04x04,ff,-1,4,1.220080,11.260700,0.140000,0.028001,11.292700,12.524800
"minesweeper_d3.txt",minesweeper,04x04,04x04,ff,-1,3,1.068070,9.244580,0.120000,0.032000,9.280580,10.360600
"minesweeper_d3.txt",minesweeper,04x04,04x04,ff,-1,6,1.328080,14.184900,0.230000,0.040000,14.232900,15.577000
"minesweeper_d3.txt",minesweeper,04x04,04x04,ff,18,4,1.328080,10.104600,0.120000,0.040001,10.144600,11.488700
"minesweeper_d3.txt",minesweeper,04x04,04x04,ff,-1,5,1.240080,13.364800,0.190000,0.044003,13.408800,14.660900
"minesweeper_d3.txt",minesweeper,04x04,04x04,ff,18,4,1.164070,10.684700,0.140000,0.056004,10.752700,11.928700
"minesweeper_d3.txt",minesweeper,04x04,04x04,ff,-1,1,1.036060,3.036190,0.040000,0.020001,3.056190,4.100260
"minesweeper_d3.txt",minesweeper,04x04,04x04,ff,-1,3,1.084070,6.972440,0.100000,0.036002,7.016440,8.112510
"minesweeper_d3.txt",minesweeper,04x04,04x04,ff,18,4,1.252080,11.804700,0.160000,0.048003,11.860700,13.136800
"minesweeper_d3.txt",minesweeper,04x04,04x04,ff,18,6,1.052070,16.213000,0.350000,0.048005,16.273000,17.337100
"minesweeper_d3.txt",minesweeper,04x04,04x04,ff,-1,1,1.156070,2.456150,0.050000,0.012000,2.468150,3.636230
"minesweeper_d3.txt",minesweeper,04x04,04x04,ff,-1,5,1.288080,12.788800,0.210000,0.032005,12.824800,14.128900
"minesweeper_d3.txt",minesweeper,04x04,04x04,ff,-1,3,1.220080,9.488590,0.090000,0.048003,9.536590,10.768700
"minesweeper_d3.txt",minesweeper,04x04,04x04,ff,-1,3,1.052070,9.360580,0.120000,0.020001,9.384580,10.444700
"minesweeper_d3.txt",minesweeper,04x04,04x04,ff,-1,8,1.216080,21.737400,0.220000,0.052004,21.801400,23.033400
"minesweeper_d3.txt",minesweeper,04x04,04x04,ff,18,4,1.076070,9.800610,0.110000,0.044001,9.844610,10.932700
"minesweeper_d3.txt",minesweeper,04x04,04x04,ff,-1,4,1.080070,11.592700,0.160000,0.028000,11.624700,12.716800
"minesweeper_d3.txt",minesweeper,04x04,04x04,ff,-1,5,1.200070,12.484800,0.200000,0.044002,12.532800,13.748900
"minesweeper_d3.txt",minesweeper,04x04,04x04,ff,-1,2,1.296080,7.780490,0.080000,0.032001,7.816490,9.128570
"minesweeper_d3.txt",minesweeper,04x04,04x04,ff,18,4,1.228080,11.624700,0.150000,0.040003,11.668700,12.908800
"minesweeper_d3.txt",minesweeper,04x04,04x04,ff,18,3,1.140070,9.820610,0.180000,0.052003,9.872620,11.024700
"minesweeper_d3.txt",minesweeper,04x04,04x04,ff,-1,6,1.236080,13.632800,0.220000,0.036003,13.680900,14.928900
"minesweeper_d3.txt",minesweeper,04x04,04x04,ff,-1,2,1.212070,5.924370,0.080000,0.016002,5.944370,7.168450
"minesweeper_d3.txt",minesweeper,04x04,04x04,ff,-1,5,1.228080,12.588800,0.210000,0.028001,12.616800,13.860900
"minesweeper_d3.txt",minesweeper,04x04,04x04,ff,18,3,1.244080,8.476530,0.170000,0.040003,8.524530,9.784610
"minesweeper_d3.txt",minesweeper,05x03,05x03,ff,-1,3,0.272016,3.296210,0.070000,0.004000,3.308210,3.584220
"minesweeper_d3.txt",minesweeper,05x03,05x03,ff,17,3,0.324019,3.320210,0.070000,0.016000,3.336210,3.664230
"minesweeper_d3.txt",minesweeper,05x03,05x03,ff,17,2,0.316019,2.000120,0.040000,0.008000,2.008120,2.328140
"minesweeper_d3.txt",minesweeper,05x03,05x03,ff,17,4,0.264016,4.272270,0.080000,0.020002,4.292270,4.560280
"minesweeper_d3.txt",minesweeper,05x03,05x03,ff,17,3,0.316019,2.904180,0.070000,0.008000,2.916180,3.236200
"minesweeper_d3.txt",minesweeper,05x03,05x03,ff,-1,1,0.312019,1.064070,0.030000,0.008001,1.072070,1.392090
"minesweeper_d3.txt",minesweeper,05x03,05x03,ff,17,5,0.308019,4.980310,0.130000,0.008000,4.988310,5.300330
"minesweeper_d3.txt",minesweeper,05x03,05x03,ff,-1,4,0.260016,2.680170,0.110000,0.008000,2.692170,2.956180
"minesweeper_d3.txt",minesweeper,05x03,05x03,ff,-1,3,0.260015,2.012130,0.070000,0.004000,2.020130,2.288140
"minesweeper_d3.txt",minesweeper,05x03,05x03,ff,-1,3,0.264016,2.300140,0.040000,0.016001,2.316140,2.584160
"minesweeper_d3.txt",minesweeper,05x03,05x03,ff,17,3,0.248015,2.016120,0.040000,0.016002,2.036130,2.288140
"minesweeper_d3.txt",minesweeper,05x03,05x03,ff,-1,3,0.252015,2.144130,0.070000,0.008000,2.152130,2.408150
"minesweeper_d3.txt",minesweeper,05x03,05x03,ff,-1,4,0.260016,2.832180,0.080000,0.020002,2.852180,3.116190
"minesweeper_d3.txt",minesweeper,05x03,05x03,ff,-1,3,0.264016,2.036130,0.050000,0.020002,2.056130,2.324140
"minesweeper_d3.txt",minesweeper,05x03,05x03,ff,17,2,0.332020,1.404090,0.040000,0.024001,1.428090,1.764110
"minesweeper_d3.txt",minesweeper,05x03,05x03,ff,-1,3,0.260016,2.172130,0.090000,0.004001,2.176140,2.440150
"minesweeper_d3.txt",minesweeper,05x03,05x03,ff,17,4,0.260016,2.784170,0.080000,0.016000,2.804170,3.068190
"minesweeper_d3.txt",minesweeper,05x03,05x03,ff,-1,2,0.260016,1.416090,0.070000,0.000000,1.420090,1.684100
"minesweeper_d3.txt",minesweeper,05x03,05x03,ff,17,2,0.252015,1.372080,0.060000,0.016002,1.392090,1.648100
"minesweeper_d3.txt",minesweeper,05x03,05x03,ff,17,3,0.380023,2.864180,0.050000,0.024001,2.892180,3.276200
"minesweeper_d3.txt",minesweeper,05x03,05x03,ff,-1,3,0.276017,2.048130,0.070000,0.012001,2.060130,2.340140
"minesweeper_d3.txt",minesweeper,05x03,05x03,ff,-1,5,0.260016,3.316210,0.110000,0.020001,3.348210,3.612220
"minesweeper_d3.txt",minesweeper,05x03,05x03,ff,-1,4,0.264016,3.112190,0.090000,0.016002,3.132190,3.400210
"minesweeper_d3.txt",minesweeper,05x03,05x03,ff,-1,3,0.264016,2.064130,0.090000,0.008000,2.076130,2.344150
"minesweeper_d3.txt",minesweeper,05x03,05x03,ff,-1,3,0.300018,2.560160,0.060000,0.008000,2.572160,2.876180
"minesweeper_d3.txt",minesweeper,05x03,05x03,ff,-1,1,0.276016,1.288080,0.030000,0.012001,1.304080,1.584100
"minesweeper_d3.txt",minesweeper,05x03,05x03,ff,-1,4,0.268016,3.156200,0.110000,0.020002,3.180200,3.448210
"minesweeper_d3.txt",minesweeper,05x03,05x03,ff,-1,2,0.272017,1.924120,0.040000,0.016001,1.940120,2.216140
"minesweeper_d3.txt",minesweeper,05x03,05x03,ff,17,3,0.264015,2.468150,0.060000,0.016001,2.492160,2.760170
"minesweeper_d3.txt",minesweeper,05x03,05x03,ff,17,3,0.264016,2.552160,0.080000,0.012001,2.576160,2.844180
"minesweeper_d3.txt",minesweeper,05x03,05x03,ff,17,3,0.268016,2.504160,0.070000,0.016001,2.524160,2.796170
"minesweeper_d3.txt",minesweeper,05x03,05x03,ff,-1,4,0.260016,3.160200,0.110000,0.016001,3.180200,3.444210
"minesweeper_d3.txt",minesweeper,05x03,05x03,ff,17,2,0.292018,1.900120,0.040000,0.016001,1.916120,2.212140
"minesweeper_d3.txt",minesweeper,05x03,05x03,ff,-1,3,0.288017,2.500160,0.090000,0.012001,2.512160,2.804170
"minesweeper_d3.txt",minesweeper,05x03,05x03,ff,17,4,0.300018,2.688170,0.110000,0.020003,2.708170,3.012190
"minesweeper_d3.txt",minesweeper,05x03,05x03,ff,17,4,0.260015,2.964190,0.110000,0.020002,2.984190,3.248200
"minesweeper_d3.txt",minesweeper,05x03,05x03,ff,-1,3,0.300018,2.164130,0.150000,0.016001,2.184130,2.488150
"minesweeper_d3.txt",minesweeper,05x03,05x03,ff,-1,3,0.300018,2.172130,0.040000,0.012001,2.188140,2.492150
"minesweeper_d3.txt",minesweeper,05x03,05x03,ff,17,3,0.304018,2.076130,0.050000,0.016002,2.092130,2.400150
"minesweeper_d3.txt",minesweeper,05x03,05x03,ff,17,4,0.280017,2.904180,0.120000,0.016001,2.928180,3.212200
"minesweeper_d3.txt",minesweeper,05x03,05x03,ff,-1,3,0.316019,2.104130,0.090000,0.004000,2.116130,2.440150
"minesweeper_d3.txt",minesweeper,05x03,05x03,ff,-1,3,0.404025,4.900310,0.080000,0.012000,4.912310,5.320330
"minesweeper_d3.txt",minesweeper,05x03,05x03,ff,17,2,0.288017,1.680110,0.040000,0.020001,1.700110,1.992120
"minesweeper_d3.txt",minesweeper,05x03,05x03,ff,17,5,0.836051,5.392340,0.190000,0.008001,5.404340,6.256390
"minesweeper_d3.txt",minesweeper,05x03,05x03,ff,-1,3,0.316019,2.348150,0.050000,0.004000,2.356150,2.676170
"minesweeper_d3.txt",minesweeper,05x03,05x03,ff,-1,3,0.324020,3.724230,0.090000,0.008000,3.736230,4.064250
"minesweeper_d3.txt",minesweeper,05x03,05x03,ff,-1,2,0.264015,1.372090,0.030000,0.004000,1.384090,1.652100
"minesweeper_d3.txt",minesweeper,05x03,05x03,ff,-1,5,0.292018,4.140260,0.140000,0.004000,4.160260,4.456280
"minesweeper_d3.txt",minesweeper,05x03,05x03,ff,-1,4,0.308018,2.760170,0.080000,0.016001,2.776170,3.088190
"minesweeper_d3.txt",minesweeper,05x03,05x03,ff,17,2,0.252015,1.496090,0.040000,0.008001,1.508100,1.764110
"minesweeper_d3.txt",minesweeper,05x03,05x03,ff,-1,2,0.304019,1.764110,0.070000,0.008000,1.776110,2.084130
"minesweeper_d3.txt",minesweeper,05x03,05x03,ff,-1,2,0.280017,2.120130,0.050000,0.008001,2.128130,2.412150
"minesweeper_d3.txt",minesweeper,05x03,05x03,ff,-1,3,0.320019,2.068130,0.050000,0.012001,2.084130,2.408150
"minesweeper_d3.txt",minesweeper,05x03,05x03,ff,17,3,0.308019,2.476150,0.070000,0.008000,2.488150,2.796170
"minesweeper_d3.txt",minesweeper,05x03,05x03,ff,-1,3,0.288018,2.144130,0.100000,0.012001,2.156130,2.448150
"minesweeper_d3.txt",minesweeper,05x03,05x03,ff,-1,5,0.300018,4.392270,0.140000,0.012001,4.404270,4.708290
"minesweeper_d3.txt",minesweeper,05x03,05x03,ff,-1,3,0.284017,3.108190,0.100000,0.004000,3.112190,3.400210
"minesweeper_d3.txt",minesweeper,05x03,05x03,ff,-1,4,0.264016,3.584220,0.110000,0.008000,3.600220,3.868240
"minesweeper_d3.txt",minesweeper,05x03,05x03,ff,17,3,0.268016,3.512220,0.080000,0.012001,3.532220,3.804240
"minesweeper_d3.txt",minesweeper,05x03,05x03,ff,17,5,0.264016,4.540280,0.110000,0.016000,4.568280,4.836300
"minesweeper_d3.txt",minesweeper,05x03,05x03,ff,-1,3,0.292018,2.828180,0.080000,0.004000,2.836180,3.136200
"minesweeper_d3.txt",minesweeper,05x03,05x03,ff,17,4,0.312019,3.992250,0.090000,0.012001,4.008250,4.324270
"minesweeper_d3.txt",minesweeper,05x03,05x03,ff,17,4,0.280017,4.532280,0.140000,0.012000,4.556280,4.840300
"minesweeper_d3.txt",minesweeper,05x03,05x03,ff,17,3,0.256015,3.328210,0.060000,0.012000,3.344210,3.604220
"minesweeper_d3.txt",minesweeper,05x03,05x03,ff,-1,1,0.304018,1.108070,0.030000,0.008000,1.120070,1.428090
"minesweeper_d3.txt",minesweeper,05x03,05x03,ff,-1,3,0.296018,2.448150,0.080000,0.000000,2.448150,2.748170
"minesweeper_d3.txt",minesweeper,05x03,05x03,ff,17,2,0.340021,1.856120,0.040000,0.012001,1.868120,2.216140
"minesweeper_d3.txt",minesweeper,05x03,05x03,ff,17,4,0.316019,3.220200,0.110000,0.008000,3.228200,3.548220
"minesweeper_d3.txt",minesweeper,05x03,05x03,ff,17,3,0.284017,2.708170,0.080000,0.016001,2.724170,3.012190
"minesweeper_d3.txt",minesweeper,05x03,05x03,ff,-1,4,0.312019,3.056190,0.080000,0.012001,3.068190,3.384210
"minesweeper_d3.txt",minesweeper,05x03,05x03,ff,17,2,0.292017,2.192140,0.050000,0.012001,2.208140,2.500150
"minesweeper_d3.txt",minesweeper,05x03,05x03,ff,-1,2,0.312019,2.084130,0.060000,0.012002,2.096130,2.412150
"minesweeper_d3.txt",minesweeper,05x03,05x03,ff,-1,2,0.316019,2.044130,0.050000,0.004000,2.052130,2.372150
"minesweeper_d3.txt",minesweeper,05x03,05x03,ff,-1,4,0.316019,3.296200,0.090000,0.012001,3.312210,3.632230
"minesweeper_d3.txt",minesweeper,05x03,05x03,ff,17,2,0.276016,1.756110,0.040000,0.016001,1.772110,2.052130
"minesweeper_d3.txt",minesweeper,05x03,05x03,ff,17,5,0.312019,4.468280,0.180000,0.020002,4.496280,4.812300
"minesweeper_d3.txt",minesweeper,05x03,05x03,ff,-1,3,0.316019,3.384210,0.060000,0.008000,3.392210,3.712230
"minesweeper_d3.txt",minesweeper,05x03,05x03,ff,-1,3,0.320020,2.924180,0.100000,0.000000,2.928180,3.252200
"minesweeper_d3.txt",minesweeper,05x03,05x03,ff,-1,3,0.336020,3.104190,0.100000,0.004000,3.108190,3.452210
"minesweeper_d3.txt",minesweeper,05x03,05x03,ff,17,3,0.312018,4.248260,0.060000,0.020002,4.268270,4.584290
"minesweeper_d3.txt",minesweeper,05x03,05x03,ff,17,4,0.296018,4.956310,0.110000,0.016001,4.972310,5.276330
"minesweeper_d3.txt",minesweeper,05x03,05x03,ff,-1,3,0.272016,2.576160,0.070000,0.012001,2.588160,2.864180
"minesweeper_d3.txt",minesweeper,05x03,05x03,ff,-1,4,0.312019,4.520280,0.130000,0.004000,4.528280,4.848300
"minesweeper_d3.txt",minesweeper,05x03,05x03,ff,-1,3,0.316019,3.124190,0.070000,0.008000,3.132190,3.456210
"minesweeper_d3.txt",minesweeper,05x03,05x03,ff,17,3,0.316019,3.040190,0.070000,0.012000,3.056190,3.380210
"minesweeper_d3.txt",minesweeper,05x03,05x03,ff,17,2,0.908056,2.980190,0.050000,0.016001,2.996190,3.908240
"minesweeper_d3.txt",minesweeper,05x03,05x03,ff,-1,3,0.304018,3.436210,0.080000,0.008001,3.448210,3.756230
"minesweeper_d3.txt",minesweeper,05x03,05x03,ff,-1,2,0.668041,2.984190,0.060000,0.012001,2.996190,3.676230
"minesweeper_d3.txt",minesweeper,05x03,05x03,ff,17,2,0.256015,1.364080,0.040000,0.012000,1.380090,1.640100
"minesweeper_d3.txt",minesweeper,05x03,05x03,ff,-1,4,0.268016,3.060190,0.070000,0.024003,3.084190,3.356210
"minesweeper_d3.txt",minesweeper,05x03,05x03,ff,-1,2,0.304019,1.948120,0.050000,0.012001,1.960120,2.268140
"minesweeper_d3.txt",minesweeper,05x03,05x03,ff,-1,3,0.296018,2.800170,0.090000,0.004001,2.804170,3.104190
"minesweeper_d3.txt",minesweeper,05x03,05x03,ff,17,6,0.260016,5.736360,0.190000,0.008001,5.748360,6.012370
"minesweeper_d3.txt",minesweeper,05x03,05x03,ff,-1,4,0.304018,3.036190,0.100000,0.012001,3.048190,3.356210
"minesweeper_d3.txt",minesweeper,05x03,05x03,ff,17,2,0.304018,3.080190,0.070000,0.008001,3.088190,3.396210
"minesweeper_d3.txt",minesweeper,05x03,05x03,ff,17,3,0.344021,3.084190,0.080000,0.008000,3.100190,3.448210
"minesweeper_d3.txt",minesweeper,05x03,05x03,ff,17,3,0.304018,3.292200,0.090000,0.012001,3.308210,3.616220
"minesweeper_d3.txt",minesweeper,05x03,05x03,ff,-1,3,0.264016,2.348150,0.050000,0.012000,2.360150,2.628160
"minesweeper_d3.txt",minesweeper,05x03,05x03,ff,-1,3,0.304018,3.208200,0.100000,0.004001,3.216200,3.524220
"minesweeper_d3.txt",minesweeper,05x03,05x03,ff,17,2,0.880054,2.304140,0.040000,0.012001,2.316140,3.200200
"minesweeper_d3.txt",minesweeper,05x05,05x05,ff,-1,5,8.624540,81.341100,0.570000,0.212017,81.577100,90.241600
"minesweeper_d3.txt",minesweeper,05x05,05x05,ff,-1,3,9.560600,62.403900,0.270000,0.320026,62.731900,72.344500
"minesweeper_d3.txt",minesweeper,05x05,05x05,ff,-1,5,9.632600,116.895000,1.000000,0.104005,117.015000,126.696000
"minesweeper_d3.txt",minesweeper,05x05,05x05,ff,27,11,8.652540,227.962000,1.390000,0.332010,228.326000,237.023000
"minesweeper_d3.txt",minesweeper,05x05,05x05,ff,27,5,8.708540,98.810200,0.540000,0.352024,99.182200,107.935000
"minesweeper_d3.txt",minesweeper,05x05,05x05,ff,-1,13,9.916620,269.341000,1.190000,0.312021,269.685000,279.653000
"minesweeper_d3.txt",minesweeper,05x05,05x05,ff,-1,5,9.512590,118.267000,1.040000,0.112013,118.387000,127.944000
"minesweeper_d3.txt",minesweeper,05x05,05x05,ff,27,7,9.840610,153.078000,0.790000,0.408010,153.514000,163.410000
"minesweeper_d3.txt",minesweeper,05x05,05x05,ff,27,9,9.604600,179.955000,2.890000,0.376017,180.351000,190.008000
"minesweeper_d3.txt",minesweeper,05x05,05x05,ff,-1,3,8.500530,88.621500,1.870000,0.164014,88.801600,97.346100
"minesweeper_d3.txt",minesweeper,05x05,05x05,ff,27,4,8.756550,89.041600,0.790000,0.300016,89.357600,98.158100
"minesweeper_d3.txt",minesweeper,05x05,05x05,ff,27,3,9.768610,60.519800,0.300000,0.384014,60.911800,70.728400
"minesweeper_d3.txt",minesweeper,05x05,05x05,ff,-1,7,9.572600,136.969000,0.430000,0.348020,137.337000,146.953000
"minesweeper_d3.txt",minesweeper,05x05,05x05,ff,-1,3,9.156570,64.160000,0.730000,0.052010,64.224000,73.428600
"minesweeper_d3.txt",minesweeper,05x05,05x05,ff,27,8,9.740610,185.208000,1.330000,0.316023,185.544000,195.336000
"minesweeper_d3.txt",minesweeper,05x05,05x05,ff,-1,3,8.764550,70.920400,0.350000,0.284016,71.212500,80.025000
"minesweeper_d3.txt",minesweeper,05x05,05x05,ff,-1,7,9.428590,162.582000,0.810000,0.308022,162.914000,172.391000
"minesweeper_d3.txt",minesweeper,05x05,05x05,ff,27,8,9.556600,175.047000,0.550000,0.392000,175.451000,185.060000
"minesweeper_d3.txt",minesweeper,05x05,05x05,ff,-1,3,8.672540,60.955800,0.280000,0.156008,61.131800,69.848400
"minesweeper_d3.txt",minesweeper,05x05,05x05,ff,-1,10,9.348580,233.095000,2.140000,0.292027,233.415000,242.811000
"minesweeper_d3.txt",minesweeper,05x05,05x05,ff,27,4,9.696600,86.385400,0.340000,0.352010,86.749400,96.518000
"minesweeper_d3.txt",minesweeper,05x05,05x05,ff,27,10,8.864550,208.349000,0.990000,0.404016,208.781000,217.686000
"minesweeper_d3.txt",minesweeper,05x05,05x05,ff,27,4,9.416590,84.449300,0.350000,0.384030,84.857300,94.317900
"minesweeper_d3.txt",minesweeper,05x05,05x05,ff,-1,2,9.188570,45.726900,0.260000,0.192013,45.926900,55.167400
"minesweeper_d3.txt",minesweeper,05x05,05x05,ff,27,3,8.700540,58.431700,0.290000,0.388023,58.823700,67.568200
"minesweeper_d3.txt",minesweeper,05x05,05x05,ff,27,4,9.556600,86.813400,0.490000,0.412038,87.225400,96.838100
"minesweeper_d3.txt",minesweeper,05x05,05x05,ff,-1,3,8.700540,64.944100,0.540000,0.256012,65.204100,73.944600
"minesweeper_d3.txt",minesweeper,05x05,05x05,ff,27,5,9.176570,114.819000,0.410000,0.356017,115.199000,124.420000
"minesweeper_d3.txt",minesweeper,05x05,05x05,ff,-1,5,9.392590,128.676000,1.020000,0.099991,128.780000,138.213000
"minesweeper_d3.txt",minesweeper,05x05,05x05,ff,-1,7,8.544530,144.929000,0.470000,0.316016,145.269000,153.858000
"minesweeper_d3.txt",minesweeper,05x05,05x05,ff,27,7,9.040560,131.380000,0.740000,0.428036,131.832000,140.917000
"minesweeper_d3.txt",minesweeper,05x05,05x05,ff,27,4,10.072600,74.868700,0.390000,0.380018,75.260700,85.393300
"minesweeper_d3.txt",minesweeper,05x05,05x05,ff,27,3,9.624600,71.864500,0.280000,0.320022,72.192500,81.861100
"minesweeper_d3.txt",minesweeper,05x05,05x05,ff,27,8,9.052560,170.023000,1.420000,0.367984,170.427000,179.519000
"minesweeper_d3.txt",minesweeper,05x05,05x05,ff,-1,4,9.576600,84.761300,0.480000,0.216011,84.997300,94.621900
"minesweeper_d3.txt",minesweeper,05x05,05x05,ff,27,5,9.800610,119.751000,0.640000,0.352034,120.112000,129.968000
"minesweeper_d3.txt",minesweeper,05x05,05x05,ff,-1,3,8.492530,62.795900,0.450000,0.136006,62.947900,71.480500
"minesweeper_d3.txt",minesweeper,05x05,05x05,ff,27,6,10.080600,113.059000,0.690000,0.372029,113.435000,123.572000
"minesweeper_d3.txt",minesweeper,05x05,05x05,ff,-1,3,8.916560,74.060600,0.240000,0.268017,74.344600,83.305200
"minesweeper_d3.txt",minesweeper,05x05,05x05,ff,-1,7,9.388590,167.102000,0.820000,0.308039,167.430000,176.863000
"minesweeper_d3.txt",minesweeper,05x05,05x05,ff,27,7,9.336580,153.238000,0.750000,0.380019,153.638000,163.018000
"minesweeper_d3.txt",minesweeper,05x05,05x05,ff,-1,6,8.576540,103.802000,0.620000,0.296021,104.111000,112.727000
"minesweeper_d3.txt",minesweeper,05x05,05x05,ff,-1,5,8.752550,99.814200,0.570000,0.172002,99.998200,108.799000
"minesweeper_d3.txt",minesweeper,05x05,05x05,ff,27,3,9.292580,61.763900,0.200000,0.456028,62.227900,71.568500
"minesweeper_d3.txt",minesweeper,05x05,05x05,ff,-1,5,9.292580,112.707000,0.760000,0.280016,112.987000,122.332000
"minesweeper_d3.txt",minesweeper,05x05,05x05,ff,27,4,8.780550,82.317100,0.300000,0.384023,82.713200,91.533700
"minesweeper_d3.txt",minesweeper,05x05,05x05,ff,-1,7,9.264580,172.091000,0.560000,0.356020,172.471000,181.783000
"minesweeper_d3.txt",minesweeper,05x05,05x05,ff,-1,2,9.604600,49.171100,0.450000,0.044006,49.231100,58.883700
"minesweeper_d3.txt",minesweeper,05x05,05x05,ff,-1,2,8.996560,36.418300,0.380000,0.052002,36.474300,45.510800
"minesweeper_d3.txt",minesweeper,05x05,05x05,ff,27,7,8.756550,121.828000,1.500000,0.360011,122.196000,130.992000
"minesweeper_d3.txt",minesweeper,05x05,05x05,ff,-1,6,8.984560,148.497000,1.430000,0.320009,148.821000,157.850000
"minesweeper_d3.txt",minesweeper,05x05,05x05,ff,27,2,9.652600,32.926100,0.180000,0.404026,33.334100,43.034700
"minesweeper_d3.txt",minesweeper,05x05,05x05,ff,27,11,10.492700,222.582000,1.290000,0.420004,223.026000,233.595000
"minesweeper_d3.txt",minesweeper,05x05,05x05,ff,27,4,8.920560,100.806000,0.370000,0.372025,101.190000,110.155000
"minesweeper_d3.txt",minesweeper,05x05,05x05,ff,-1,8,10.048600,172.767000,1.920000,0.364020,173.159000,183.255000
"minesweeper_d3.txt",minesweeper,05x05,05x05,ff,-1,3,9.176570,69.300300,0.480000,0.344025,69.648400,78.868900
"minesweeper_d3.txt",minesweeper,05x05,05x05,ff,27,11,9.504590,239.199000,1.220000,0.372037,239.599000,249.184000
"minesweeper_d3.txt",minesweeper,05x05,05x05,ff,-1,4,8.936560,81.357100,0.880000,0.055991,81.425100,90.405600
"minesweeper_d3.txt",minesweeper,05x05,05x05,ff,27,4,9.204570,76.944800,0.450000,0.388033,77.352800,86.605400
"minesweeper_d3.txt",minesweeper,05x05,05x05,ff,-1,6,10.212600,124.876000,0.800000,0.324017,125.212000,135.476000
"minesweeper_d3.txt",minesweeper,05x05,05x05,ff,27,11,9.736610,242.599000,1.390000,0.348038,242.979000,252.768000
"minesweeper_d3.txt",minesweeper,05x05,05x05,ff,27,4,8.616540,97.598100,0.510000,0.368023,97.982100,106.643000
"minesweeper_d3.txt",minesweeper,05x05,05x05,ff,27,4,8.332520,96.830100,0.580000,0.372021,97.210100,105.583000
"minesweeper_d3.txt",minesweeper,05x05,05x05,ff,27,5,8.680540,120.460000,0.670000,0.372028,120.852000,129.572000
"minesweeper_d3.txt",minesweeper,05x05,05x05,ff,-1,5,8.416520,100.394000,1.030000,0.100010,100.498000,108.959000
"minesweeper_d3.txt",minesweeper,05x05,05x05,ff,27,9,8.828550,231.002000,1.030000,0.400038,231.418000,240.299000
"minesweeper_d3.txt",minesweeper,05x05,05x05,ff,27,6,8.672540,149.909000,0.760000,0.420042,150.353000,159.066000
"minesweeper_d3.txt",minesweeper,05x05,05x05,ff,-1,2,8.504530,53.395300,0.300000,0.192012,53.599300,62.143900
"minesweeper_d3.txt",minesweeper,05x05,05x05,ff,27,5,8.524530,125.544000,0.810000,0.364007,125.916000,134.480000
"minesweeper_d3.txt",minesweeper,05x05,05x05,ff,-1,4,8.496530,106.647000,0.440000,0.180017,106.839000,115.375000
"minesweeper_d3.txt",minesweeper,05x05,05x05,ff,-1,6,9.348580,141.853000,0.910000,0.128024,142.009000,151.405000
"minesweeper_d3.txt",minesweeper,05x05,05x05,ff,-1,2,9.508590,41.434600,0.270000,0.276016,41.710600,51.267200
"minesweeper_d3.txt",minesweeper,05x05,05x05,ff,27,4,8.232510,62.979900,0.380000,0.344027,63.344000,71.616500
"minesweeper_d3.txt",minesweeper,05x05,05x05,ff,27,4,9.016560,62.703900,0.310000,0.336022,63.047900,72.104500
"minesweeper_d3.txt",minesweeper,05x05,05x05,ff,27,7,8.496530,109.307000,0.610000,0.348028,109.663000,118.203000
"minesweeper_d3.txt",minesweeper,05x05,05x05,ff,-1,6,8.312520,95.530000,1.680000,0.220016,95.774000,104.131000
"minesweeper_d3.txt",minesweeper,05x05,05x05,ff,27,7,8.544530,108.259000,0.470000,0.344015,108.639000,117.223000
"minesweeper_d3.txt",minesweeper,05x05,05x05,ff,-1,6,8.440530,94.593900,0.610000,0.240014,94.837900,103.322000
"minesweeper_d3.txt",minesweeper,05x05,05x05,ff,27,3,8.480530,46.746900,0.270000,0.320017,47.086900,55.607500
"minesweeper_d3.txt",minesweeper,05x05,05x05,ff,-1,5,8.548530,82.445200,0.910000,0.088011,82.561200,91.149700
"minesweeper_d3.txt",minesweeper,05x05,05x05,ff,27,4,8.768550,64.952100,0.580000,0.340019,65.308100,74.124600
"minesweeper_d3.txt",minesweeper,05x05,05x05,ff,-1,2,8.596540,31.242000,0.150000,0.236012,31.478000,40.114500
"minesweeper_d3.txt",minesweeper,05x05,05x05,ff,27,6,8.628540,95.918000,0.830000,0.328027,96.250000,104.919000
"minesweeper_d3.txt",minesweeper,05x05,05x05,ff,-1,6,8.704540,99.630200,1.030000,0.132002,99.782200,108.527000
"minesweeper_d3.txt",minesweeper,05x05,05x05,ff,-1,8,8.536530,128.708000,0.990000,0.236003,128.972000,137.549000
"minesweeper_d3.txt",minesweeper,05x05,05x05,ff,27,4,8.548530,65.416100,0.340000,0.388020,65.820100,74.412600
"minesweeper_d3.txt",minesweeper,05x05,05x05,ff,-1,4,8.700540,65.976100,0.910000,0.064003,66.052100,74.796700
"minesweeper_d3.txt",minesweeper,05x05,05x05,ff,-1,4,8.940560,65.984100,0.720000,0.088006,66.088100,75.068700
"minesweeper_d3.txt",minesweeper,05x05,05x05,ff,-1,8,8.456530,127.596000,0.780000,0.312016,127.928000,136.425000
"minesweeper_d3.txt",minesweeper,05x05,05x05,ff,-1,8,8.412520,130.900000,1.030000,0.184011,131.120000,139.577000
"minesweeper_d3.txt",minesweeper,05x05,05x05,ff,-1,6,8.628540,98.482200,0.750000,0.164003,98.666200,107.335000
"minesweeper_d3.txt",minesweeper,05x05,05x05,ff,-1,8,8.644540,127.908000,0.960000,0.211999,128.148000,136.837000
"minesweeper_d3.txt",minesweeper,05x05,05x05,ff,27,4,8.680540,64.352000,0.440000,0.324015,64.692000,73.412600
"minesweeper_d3.txt",minesweeper,05x05,05x05,ff,-1,5,8.624540,81.257100,0.820000,0.120007,81.385100,90.049600
"minesweeper_d3.txt",minesweeper,05x05,05x05,ff,27,7,8.680540,110.867000,0.760000,0.340014,111.227000,119.951000
"minesweeper_d3.txt",minesweeper,05x05,05x05,ff,-1,5,8.620540,84.629300,1.220000,0.092003,84.733300,93.393800
"minesweeper_d3.txt",minesweeper,05x05,05x05,ff,27,10,8.552530,160.542000,1.130000,0.364022,160.946000,169.543000
"minesweeper_d3.txt",minesweeper,05x05,05x05,ff,-1,7,8.464530,113.263000,0.850000,0.280005,113.563000,122.068000
"minesweeper_d3.txt",minesweeper,05x05,05x05,ff,-1,2,8.636540,33.410100,0.290000,0.148010,33.570100,42.246600
"minesweeper_d3.txt",minesweeper,05x05,05x05,ff,27,5,8.604540,82.469100,0.850000,0.352030,82.837200,91.485700
"minesweeper_d3.txt",minesweeper,06x06,06x06,ff,38,5,40.934600,312.752000,1.850000,1.316040,314.100000,355.134000
"minesweeper_d3.txt",minesweeper,06x06,06x06,ff,-1,3,46.902900,206.977000,2.580000,0.308022,207.309000,254.324000
"minesweeper_d3.txt",minesweeper,06x06,06x06,ff,-1,2,42.434700,151.913000,1.290000,0.232014,152.162000,194.696000
"minesweeper_d3.txt",minesweeper,06x06,06x06,ff,-1,7,44.954800,630.507000,2.830000,1.252160,631.803000,676.858000
"minesweeper_d3.txt",minesweeper,06x06,06x06,ff,38,8,45.034800,682.727000,3.050000,1.768070,684.555000,729.702000
"minesweeper_d3.txt",minesweeper,06x06,06x06,ff,-1,5,44.330800,365.835000,3.470000,0.243996,366.103000,410.550000
"minesweeper_d3.txt",minesweeper,06x06,06x06,ff,-1,9,45.154800,723.265000,12.260000,0.831993,724.157000,769.428000
"minesweeper_d3.txt",minesweeper,06x06,06x06,ff,-1,4,46.274900,346.058000,3.020000,0.284031,346.362000,392.737000
"minesweeper_d3.txt",minesweeper,06x06,06x06,ff,38,5,43.338700,464.857000,4.220000,1.736120,466.641000,510.096000
"minesweeper_d3.txt",minesweeper,06x06,06x06,ff,-1,8,45.690900,672.126000,4.750000,0.828087,673.006000,718.801000
"minesweeper_d3.txt",minesweeper,06x06,06x06,ff,-1,12,46.006900,850.529000,8.360000,0.940025,851.545000,897.672000
"minesweeper_d3.txt",minesweeper,06x06,06x06,ff,-1,3,42.722700,242.367000,2.600000,0.292027,242.687000,285.510000
"minesweeper_d3.txt",minesweeper,06x06,06x06,ff,-1,8,45.194800,688.747000,6.830000,0.791992,689.591000,734.906000
"minesweeper_d3.txt",minesweeper,06x06,06x06,ff,38,14,43.202700,1158.950000,5.650000,1.620250,1160.630000,1203.950000
"minesweeper_d3.txt",minesweeper,06x06,06x06,ff,38,10,45.366800,893.836000,5.230000,1.580120,895.468000,940.939000
"minesweeper_d3.txt",minesweeper,06x06,06x06,ff,38,5,46.678900,465.573000,3.040000,2.008160,467.625000,514.424000
"minesweeper_d3.txt",minesweeper,06x06,06x06,ff,-1,14,45.510800,1132.980000,7.220000,1.208030,1134.260000,1179.870000
"minesweeper_d3.txt",minesweeper,06x06,06x06,ff,38,4,44.474800,372.499000,1.410000,1.784110,374.315000,418.906000
"minesweeper_d3.txt",minesweeper,06x06,06x06,ff,-1,10,45.886900,799.386000,6.180000,0.440006,799.882000,845.885000
"minesweeper_d3.txt",minesweeper,06x06,06x06,ff,-1,3,44.458800,252.388000,2.590000,0.596043,253.008000,297.583000
"minesweeper_d3.txt",minesweeper,06x06,06x06,ff,-1,3,44.186800,267.005000,2.880000,0.160015,267.173000,311.463000
"minesweeper_d3.txt",minesweeper,06x06,06x06,ff,-1,3,46.614900,280.510000,2.430000,0.292019,280.834000,327.548000
"minesweeper_d3.txt",minesweeper,06x06,06x06,ff,-1,6,45.514800,482.798000,2.850000,1.004080,483.842000,529.473000
"minesweeper_d3.txt",minesweeper,06x06,06x06,ff,38,5,45.354800,411.222000,1.620000,1.644060,412.898000,458.377000
"minesweeper_d3.txt",minesweeper,06x06,06x06,ff,-1,6,49.899100,556.799000,4.760000,0.812027,557.643000,607.674000
"minesweeper_d3.txt",minesweeper,06x06,06x06,ff,-1,9,46.814900,823.996000,3.570000,1.416020,825.464000,872.395000
"minesweeper_d3.txt",minesweeper,06x06,06x06,ff,-1,4,44.230800,315.072000,8.580000,0.608044,315.700000,360.051000
"minesweeper_d3.txt",minesweeper,06x06,06x06,ff,-1,8,46.134900,729.550000,3.660000,0.940041,730.538000,776.785000
"minesweeper_d3.txt",minesweeper,06x06,06x06,ff,38,10,45.282800,815.307000,10.940000,1.668110,817.023000,862.426000
"minesweeper_d3.txt",minesweeper,06x06,06x06,ff,38,10,47.022900,734.242000,5.110000,1.660090,735.954000,783.145000
"minesweeper_d3.txt",minesweeper,06x06,06x06,ff,-1,11,46.650900,795.534000,18.900000,0.992085,796.598000,843.365000
"minesweeper_d3.txt",minesweeper,06x06,06x06,ff,-1,8,49.887100,645.660000,7.940000,0.396038,646.104000,696.120000
"minesweeper_d3.txt",minesweeper,06x06,06x06,ff,-1,10,46.482900,777.781000,10.430000,0.612068,778.461000,825.064000
"minesweeper_d3.txt",minesweeper,06x06,06x06,ff,-1,13,45.330800,958.276000,6.310000,0.984013,959.336000,1004.780000
"minesweeper_d3.txt",minesweeper,06x06,06x06,ff,38,10,45.542800,739.618000,4.010000,1.688230,741.362000,787.021000
"minesweeper_d3.txt",minesweeper,06x06,06x06,ff,38,13,45.106800,934.218000,6.110000,1.612040,935.927000,981.153000
"minesweeper_d3.txt",minesweeper,06x06,06x06,ff,-1,7,46.814900,526.173000,3.590000,0.728035,526.933000,573.868000
"minesweeper_d3.txt",minesweeper,06x06,06x06,ff,38,11,45.822900,799.106000,3.420000,1.507960,800.678000,846.617000
"minesweeper_d3.txt",minesweeper,06x06,06x06,ff,-1,8,46.818900,631.519000,9.320000,0.308022,631.867000,678.858000
"minesweeper_d3.txt",minesweeper,06x06,06x06,ff,-1,3,44.226800,230.338000,1.290000,0.884048,231.250000,275.585000
"minesweeper_d3.txt",minesweeper,06x06,06x06,ff,-1,8,42.542700,681.067000,9.700000,0.384010,681.479000,724.121000
"minesweeper_d3.txt",minesweeper,06x06,06x06,ff,38,13,43.402700,1106.170000,6.490000,1.599980,1107.840000,1151.360000
"minesweeper_d3.txt",minesweeper,06x06,06x06,ff,-1,4,44.618800,322.124000,4.700000,0.407997,322.568000,367.299000
"minesweeper_d3.txt",minesweeper,06x06,06x06,ff,38,6,44.294800,507.184000,2.000000,1.712070,508.928000,553.319000
"minesweeper_d3.txt",minesweeper,06x06,06x06,ff,-1,6,45.022800,448.020000,3.910000,0.300014,448.340000,493.463000
"minesweeper_d3.txt",minesweeper,06x06,06x06,ff,38,11,45.046800,945.115000,4.400000,1.588200,946.747000,991.894000
"minesweeper_d3.txt",minesweeper,06x06,06x06,ff,38,9,44.194800,823.828000,5.340000,1.552150,825.424000,869.730000
"minesweeper_d3.txt",minesweeper,06x06,06x06,ff,38,9,40.530500,559.087000,2.760000,1.440020,560.571000,601.202000
"minesweeper_d3.txt",minesweeper,06x06,06x06,ff,38,12,42.814700,1068.250000,8.770000,1.544090,1069.840000,1112.770000
"minesweeper_d3.txt",minesweeper,06x06,06x06,ff,-1,3,45.210800,244.487000,3.440000,0.100025,244.595000,289.922000
"minesweeper_d3.txt",minesweeper,06x06,06x06,ff,-1,4,46.594900,360.635000,3.650000,0.127998,360.783000,407.497000
"minesweeper_d3.txt",minesweeper,06x06,06x06,ff,-1,12,45.974900,867.730000,5.550000,1.312040,869.106000,915.197000
"minesweeper_d3.txt",minesweeper,06x06,06x06,ff,38,9,43.258700,703.492000,6.400000,1.624120,705.156000,748.515000
"minesweeper_d3.txt",minesweeper,06x06,06x06,ff,-1,11,40.914600,680.603000,2.820000,1.451990,682.107000,723.117000
"minesweeper_d3.txt",minesweeper,06x06,06x06,ff,-1,8,41.170600,503.247000,5.460000,0.812027,504.095000,545.362000
"minesweeper_d3.txt",minesweeper,06x06,06x06,ff,38,6,43.610700,516.500000,2.170000,1.728150,518.256000,561.967000
"minesweeper_d3.txt",minesweeper,06x06,06x06,ff,-1,9,46.218900,818.579000,5.480000,0.704082,819.331000,865.650000
"minesweeper_d3.txt",minesweeper,06x06,06x06,ff,-1,5,44.170800,429.959000,3.440000,0.492008,430.479000,474.766000
"minesweeper_d3.txt",minesweeper,06x06,06x06,ff,-1,6,44.066800,517.184000,3.350000,1.600130,518.816000,562.987000
"minesweeper_d3.txt",minesweeper,06x06,06x06,ff,-1,5,44.482800,446.348000,7.410000,0.672096,447.052000,491.663000
"minesweeper_d3.txt",minesweeper,06x06,06x06,ff,-1,11,45.546800,886.479000,3.280000,1.292130,887.828000,933.474000
"minesweeper_d3.txt",minesweeper,06x06,06x06,ff,-1,3,44.486800,279.229000,2.300000,0.428040,279.673000,324.280000
"minesweeper_d3.txt",minesweeper,06x06,06x06,ff,-1,5,40.046500,310.947000,1.470000,1.404090,312.388000,352.530000
"minesweeper_d3.txt",minesweeper,06x06,06x06,ff,-1,11,40.686500,697.228000,12.610000,0.583981,697.872000,738.658000
"minesweeper_d3.txt",minesweeper,06x06,06x06,ff,-1,6,43.402700,456.913000,4.440000,0.752075,457.705000,501.223000
"minesweeper_d3.txt",minesweeper,06x06,06x06,ff,-1,7,44.046700,568.904000,5.670000,0.615967,569.568000,613.714000
"minesweeper_d3.txt",minesweeper,06x06,06x06,ff,38,6,43.246700,443.384000,1.290000,1.644120,445.064000,488.411000
"minesweeper_d3.txt",minesweeper,06x06,06x06,ff,-1,12,45.594800,972.277000,2.920000,1.504020,973.841000,1019.540000
"minesweeper_d3.txt",minesweeper,06x06,06x06,ff,-1,8,46.426900,699.748000,3.310000,1.172000,700.956000,747.495000
"minesweeper_d3.txt",minesweeper,06x06,06x06,ff,-1,9,44.326800,723.925000,14.340000,1.096050,725.085000,769.528000
"minesweeper_d3.txt",minesweeper,06x06,06x06,ff,-1,13,45.842900,1116.710000,6.380000,1.411990,1118.200000,1164.150000
"minesweeper_d3.txt",minesweeper,06x06,06x06,ff,-1,6,44.430800,459.905000,2.470000,1.176080,461.117000,505.668000
"minesweeper_d3.txt",minesweeper,06x06,06x06,ff,38,8,41.218600,501.431000,2.840000,1.576080,503.059000,544.378000
"minesweeper_d3.txt",minesweeper,06x06,06x06,ff,38,10,40.806600,630.583000,11.190000,1.644070,632.271000,673.178000
"minesweeper_d3.txt",minesweeper,06x06,06x06,ff,-1,6,41.190600,382.428000,5.190000,0.248005,382.704000,423.995000
"minesweeper_d3.txt",minesweeper,06x06,06x06,ff,38,12,41.634600,750.695000,7.640000,1.328210,752.067000,793.802000
"minesweeper_d3.txt",minesweeper,06x06,06x06,ff,-1,17,41.502600,1062.980000,8.530000,1.196050,1064.250000,1105.860000
"minesweeper_d3.txt",minesweeper,06x06,06x06,ff,38,4,44.938800,309.315000,1.400000,1.780130,311.131000,356.182000
"minesweeper_d3.txt",minesweeper,06x06,06x06,ff,38,10,42.618700,896.336000,8.260000,1.524120,897.904000,940.643000
"minesweeper_d3.txt",minesweeper,06x06,06x06,ff,-1,9,43.858700,714.441000,1.880000,1.692070,716.181000,760.147000
"minesweeper_d3.txt",minesweeper,06x06,06x06,ff,-1,10,44.914800,874.183000,5.070000,0.808151,875.055000,920.081000
"minesweeper_d3.txt",minesweeper,06x06,06x06,ff,38,7,45.178800,588.533000,3.800000,1.684150,590.257000,635.564000
"minesweeper_d3.txt",minesweeper,06x06,06x06,ff,38,7,42.594700,621.547000,1.660000,1.752080,623.339000,666.054000
"minesweeper_d3.txt",minesweeper,06x06,06x06,ff,38,17,45.362800,1265.110000,7.180000,1.444110,1266.640000,1312.130000
"minesweeper_d3.txt",minesweeper,06x06,06x06,ff,-1,8,45.938900,627.855000,6.130000,0.532059,628.431000,674.490000
"minesweeper_d3.txt",minesweeper,06x06,06x06,ff,-1,2,46.562900,184.360000,1.110000,0.664040,185.060000,231.734000
"minesweeper_d3.txt",minesweeper,06x06,06x06,ff,38,4,46.214900,316.000000,2.690000,1.488120,317.500000,363.831000
"minesweeper_d3.txt",minesweeper,06x06,06x06,ff,38,5,46.254900,395.109000,2.590000,1.800090,396.933000,443.316000
"minesweeper_d3.txt",minesweeper,06x06,06x06,ff,-1,10,45.630900,788.701000,6.020000,0.456017,789.209000,834.956000
"minesweeper_d3.txt",minesweeper,06x06,06x06,ff,-1,4,41.034600,255.536000,3.520000,0.167999,255.724000,296.855000
"minesweeper_d3.txt",minesweeper,06x06,06x06,ff,38,6,40.722500,375.467000,3.060000,1.448070,376.948000,417.770000
"minesweeper_d3.txt",minesweeper,06x06,06x06,ff,-1,4,41.506600,258.052000,3.240000,0.104023,258.172000,299.775000
"minesweeper_d3.txt",minesweeper,06x06,06x06,ff,38,14,41.318600,871.235000,6.470000,1.448050,872.751000,914.165000
"minesweeper_d3.txt",minesweeper,06x06,06x06,ff,38,7,46.750900,575.200000,2.590000,1.748020,577.004000,623.871000
"minesweeper_d3.txt",minesweeper,06x06,06x06,ff,-1,6,43.306700,497.467000,8.710000,0.280094,497.775000,541.182000
"minesweeper_d3.txt",minesweeper,06x06,06x06,ff,-1,13,43.322700,1086.010000,6.240000,1.332100,1087.430000,1130.850000
"minesweeper_d3.txt",minesweeper,06x06,06x06,ff,-1,3,45.498800,314.736000,1.240000,1.100010,315.880000,361.499000
"minesweeper_d3.txt",minesweeper,06x06,06x06,ff,-1,9,46.058900,695.547000,5.890000,0.748104,696.352000,742.530000
"minesweeper_d3.txt",minesweeper,06x06,06x06,ff,38,6,45.034800,439.291000,2.870000,1.616100,440.948000,486.094000
"minesweeper_d3.txt",minesweeper,06x06,06x06,ff,38,7,40.886600,430.747000,1.460000,1.572190,432.363000,473.350000
"minesweeper_d3.txt",minesweeper,08x08,08x08,ff,66,12,178.383000,3615.770000,19.320000,7.184600,3623.090000,3801.700000
"minesweeper_d3.txt",minesweeper,08x08,08x08,ff,-1,14,182.775000,4235.440000,38.380000,3.856220,4239.530000,4422.540000
"minesweeper_d3.txt",minesweeper,08x08,08x08,ff,-1,7,178.075000,2172.800000,32.320000,1.660050,2174.560000,2352.860000
"minesweeper_d3.txt",minesweeper,08x08,08x08,ff,66,14,179.043000,4376.380000,133.180000,9.184300,4385.840000,4565.110000
"minesweeper_d3.txt",minesweeper,08x08,08x08,ff,-1,8,180.151000,2421.940000,15.700000,5.396210,2427.460000,2607.840000
"minesweeper_d3.txt",minesweeper,08x08,08x08,ff,66,17,178.255000,5059.310000,111.100000,8.244630,5067.830000,5246.310000
"minesweeper_d3.txt",minesweeper,08x08,08x08,ff,66,14,187.180000,4186.590000,34.030000,7.656340,4194.450000,4381.860000
"minesweeper_d3.txt",minesweeper,08x08,08x08,ff,-1,10,184.936000,3096.570000,54.930000,0.839508,3097.550000,3282.720000
"minesweeper_d3.txt",minesweeper,08x08,08x08,ff,66,12,204.389000,3920.390000,37.150000,8.440000,3929.050000,4133.690000
"minesweeper_d3.txt",minesweeper,08x08,08x08,ff,-1,8,192.480000,2440.920000,25.630000,2.628010,2443.690000,2636.480000
"minesweeper_d3.txt",minesweeper,08x08,08x08,ff,66,17,188.028000,5143.170000,25.900000,7.595900,5151.010000,5339.270000
"minesweeper_d3.txt",minesweeper,08x08,08x08,ff,-1,5,199.816000,1658.740000,41.130000,0.276077,1659.070000,1859.150000
"minesweeper_d3.txt",minesweeper,08x08,08x08,ff,66,16,187.820000,4753.790000,45.800000,8.385510,4762.400000,4950.460000
"minesweeper_d3.txt",minesweeper,08x08,08x08,ff,66,9,187.188000,2762.620000,37.480000,7.196410,2769.950000,2957.360000
"minesweeper_d3.txt",minesweeper,08x08,08x08,ff,-1,10,180.379000,3073.730000,48.200000,0.760223,3074.600000,3255.210000
"minesweeper_d3.txt",minesweeper,08x08,08x08,ff,66,8,182.691000,2437.590000,24.050000,8.440810,2446.140000,2629.060000
"minesweeper_d3.txt",minesweeper,08x08,08x08,ff,66,14,189.692000,4193.800000,44.690000,7.747860,4201.790000,4391.750000
"minesweeper_d3.txt",minesweeper,08x08,08x08,ff,66,14,193.184000,4193.720000,33.520000,7.664310,4201.610000,4395.030000
"minesweeper_d3.txt",minesweeper,08x08,08x08,ff,66,14,190.700000,4111.130000,30.340000,8.136280,4119.480000,4310.420000
"minesweeper_d3.txt",minesweeper,08x08,08x08,ff,66,10,199.364000,3030.290000,24.060000,7.436340,3037.890000,3237.480000
"minesweeper_d3.txt",minesweeper,08x08,08x08,ff,-1,18,181.623000,5280.840000,49.420000,2.820650,5283.910000,5465.760000
"minesweeper_d3.txt",minesweeper,08x08,08x08,ff,66,13,179.531000,3962.580000,86.650000,9.771700,3972.560000,4152.310000
"minesweeper_d3.txt",minesweeper,08x08,08x08,ff,-1,9,179.927000,2805.070000,33.680000,0.799881,2806.000000,2986.150000
"minesweeper_d3.txt",minesweeper,08x08,08x08,ff,-1,5,178.607000,1550.020000,23.500000,0.387924,1550.480000,1729.310000
"minesweeper_d3.txt",minesweeper,08x08,08x08,ff,-1,6,187.748000,2003.560000,25.540000,0.648209,2004.270000,2192.250000
"minesweeper_d3.txt",minesweeper,08x08,08x08,ff,-1,19,189.756000,5941.370000,259.520000,5.496870,5947.150000,6137.190000
"minesweeper_d3.txt",minesweeper,08x08,08x08,ff,66,13,195.516000,4223.500000,29.000000,7.084520,4230.760000,4426.540000
"minesweeper_d3.txt",minesweeper,08x08,08x08,ff,-1,8,188.348000,2584.390000,55.400000,0.643997,2585.140000,2773.720000
"minesweeper_d3.txt",minesweeper,08x08,08x08,ff,66,17,196.020000,4896.920000,72.920000,7.599300,4904.800000,5101.050000
"minesweeper_d3.txt",minesweeper,08x08,08x08,ff,-1,13,191.500000,3911.560000,31.000000,4.347810,3916.120000,4107.890000
"minesweeper_d3.txt",minesweeper,08x08,08x08,ff,66,14,195.440000,4094.820000,45.530000,6.864720,4101.890000,4297.560000
"minesweeper_d3.txt",minesweeper,08x08,08x08,ff,-1,7,195.024000,2292.560000,93.540000,0.927979,2293.620000,2488.880000
"minesweeper_d3.txt",minesweeper,08x08,08x08,ff,-1,13,182.467000,3940.590000,50.660000,2.088200,3942.900000,4125.590000
"minesweeper_d3.txt",minesweeper,08x08,08x08,ff,-1,18,187.464000,5412.010000,63.440000,6.863710,5419.180000,5606.870000
"minesweeper_d3.txt",minesweeper,08x08,08x08,ff,-1,8,195.624000,2813.620000,53.100000,1.380490,2815.120000,3011.020000
"minesweeper_d3.txt",minesweeper,08x08,08x08,ff,-1,20,197.628000,5919.060000,35.800000,6.331890,5925.690000,6123.560000
"minesweeper_d3.txt",minesweeper,08x08,08x08,ff,-1,6,196.956000,2259.740000,27.880000,0.419998,2260.210000,2457.420000
"minesweeper_d3.txt",minesweeper,08x08,08x08,ff,-1,3,194.972000,1021.090000,20.900000,0.232101,1021.350000,1216.590000
"minesweeper_d3.txt",minesweeper,08x08,08x08,ff,-1,27,202.889000,7369.270000,65.000000,6.862630,7376.630000,7579.780000
"minesweeper_d3.txt",minesweeper,08x08,08x08,ff,66,9,186.716000,2759.150000,41.830000,7.572720,2766.840000,2953.790000
"minesweeper_d3.txt",minesweeper,08x08,08x08,ff,-1,6,195.596000,1996.750000,25.290000,0.739868,1997.580000,2193.430000
"minesweeper_d3.txt",minesweeper,08x08,08x08,ff,66,13,197.812000,4136.510000,30.280000,7.889050,4144.590000,4342.630000
"minesweeper_d3.txt",minesweeper,08x08,08x08,ff,66,9,197.900000,2752.140000,11.920000,8.512730,2760.840000,2959.000000
"minesweeper_d3.txt",minesweeper,08x08,08x08,ff,66,14,197.996000,4476.170000,73.610000,8.568270,4485.030000,4683.330000
"minesweeper_d3.txt",minesweeper,08x08,08x08,ff,66,18,194.748000,5438.040000,47.500000,8.840590,5447.240000,5642.270000
"minesweeper_d3.txt",minesweeper,08x08,08x08,ff,-1,7,202.661000,2304.860000,32.290000,0.631943,2305.560000,2508.490000
"minesweeper_d3.txt",minesweeper,08x08,08x08,ff,66,13,195.764000,4043.570000,49.650000,8.280750,4052.060000,4248.090000
"minesweeper_d3.txt",minesweeper,08x08,08x08,ff,-1,12,200.481000,3839.040000,34.630000,8.416990,3847.680000,4048.440000
"minesweeper_d3.txt",minesweeper,08x08,08x08,ff,66,14,193.300000,4053.350000,35.000000,7.560930,4061.130000,4254.680000
"minesweeper_d3.txt",minesweeper,08x08,08x08,ff,-1,8,192.424000,2522.070000,55.570000,0.451782,2522.630000,2715.290000
"minesweeper_d3.txt",minesweeper,08x08,08x08,ff,66,5,190.624000,1763.050000,25.430000,9.356780,1772.490000,1963.380000
"minesweeper_d3.txt",minesweeper,08x08,08x08,ff,-1,9,188.172000,2774.970000,67.290000,1.519870,2776.680000,2965.090000
"minesweeper_d3.txt",minesweeper,08x08,08x08,ff,-1,9,188.396000,2809.810000,45.340000,0.948135,2810.880000,2999.510000
"minesweeper_d3.txt",minesweeper,08x08,08x08,ff,66,11,195.836000,3508.640000,34.280000,7.864590,3516.650000,3712.760000
"minesweeper_d3.txt",minesweeper,08x08,08x08,ff,-1,10,192.572000,3289.450000,52.180000,0.792191,3290.380000,3483.240000
"minesweeper_d3.txt",minesweeper,08x08,08x08,ff,-1,6,180.347000,1871.250000,32.030000,0.636047,1871.940000,2052.530000
"minesweeper_d3.txt",minesweeper,08x08,08x08,ff,66,11,195.656000,3220.330000,20.850000,7.791990,3228.300000,3424.190000
"minesweeper_d3.txt",minesweeper,08x08,08x08,ff,-1,12,197.804000,3870.590000,56.110000,7.232190,3878.040000,4076.100000
"minesweeper_d3.txt",minesweeper,08x08,08x08,ff,66,14,186.824000,4144.850000,65.590000,9.299910,4154.430000,4341.490000
"minesweeper_d3.txt",minesweeper,08x08,08x08,ff,-1,7,199.928000,2227.360000,21.760000,2.720230,2230.210000,2430.400000
"minesweeper_d3.txt",minesweeper,08x08,08x08,ff,-1,4,181.131000,1245.190000,25.560000,0.236038,1245.450000,1426.810000
"minesweeper_d3.txt",minesweeper,08x08,08x08,ff,-1,6,178.235000,1886.750000,52.080000,0.420105,1887.250000,2065.720000
"minesweeper_d3.txt",minesweeper,08x08,08x08,ff,-1,10,199.728000,3284.810000,59.360000,0.968079,3285.920000,3485.920000
"minesweeper_d3.txt",minesweeper,08x08,08x08,ff,-1,14,178.103000,4177.050000,32.990000,5.399860,4182.650000,4360.980000
"minesweeper_d3.txt",minesweeper,08x08,08x08,ff,66,23,208.513000,6643.750000,36.000000,8.644910,6652.840000,6861.610000
"minesweeper_d3.txt",minesweeper,08x08,08x08,ff,-1,15,198.924000,4272.670000,27.900000,6.420070,4279.330000,4478.480000
"minesweeper_d3.txt",minesweeper,08x08,08x08,ff,66,20,181.907000,5728.960000,113.950000,8.304150,5737.670000,5919.800000
"minesweeper_d3.txt",minesweeper,08x08,08x08,ff,-1,24,185.896000,6596.440000,53.340000,6.325670,6603.120000,6789.240000
"minesweeper_d3.txt",minesweeper,08x08,08x08,ff,66,24,199.620000,6974.080000,86.420000,8.776900,6983.240000,7183.180000
"minesweeper_d3.txt",minesweeper,08x08,08x08,ff,-1,6,200.881000,1901.370000,31.880000,0.428085,1901.860000,2102.980000
"minesweeper_d3.txt",minesweeper,08x08,08x08,ff,-1,19,192.504000,5286.460000,59.650000,7.285200,5294.110000,5486.880000
"minesweeper_d3.txt",minesweeper,08x08,08x08,ff,66,16,185.620000,4665.980000,37.480000,7.028000,4673.240000,4859.080000
"minesweeper_d3.txt",minesweeper,08x08,08x08,ff,-1,22,177.771000,6219.370000,97.380000,7.012940,6226.730000,6404.740000
"minesweeper_d3.txt",minesweeper,08x08,08x08,ff,-1,26,202.121000,7502.570000,70.090000,6.799560,7509.770000,7712.200000
"minesweeper_d3.txt",minesweeper,08x08,08x08,ff,-1,8,178.575000,2484.010000,52.160000,0.640381,2484.730000,2663.530000
"minesweeper_d3.txt",minesweeper,08x08,08x08,ff,66,11,197.232000,3178.200000,22.430000,8.608430,3187.020000,3384.530000
"minesweeper_d3.txt",minesweeper,08x08,08x08,ff,-1,27,189.540000,7341.110000,49.400000,7.120500,7348.680000,7538.450000
"minesweeper_d3.txt",minesweeper,08x08,08x08,ff,-1,6,194.020000,1851.100000,29.270000,0.432053,1851.640000,2045.920000
"minesweeper_d3.txt",minesweeper,08x08,08x08,ff,-1,10,195.036000,2955.690000,22.420000,6.384080,2962.240000,3157.510000
"minesweeper_d3.txt",minesweeper,08x08,08x08,ff,66,16,188.416000,4755.550000,55.910000,6.901180,4762.680000,4951.330000
"minesweeper_d3.txt",minesweeper,08x08,08x08,ff,-1,11,184.396000,3338.920000,64.590000,1.127980,3340.210000,3524.830000
"minesweeper_d3.txt",minesweeper,08x08,08x08,ff,-1,12,194.768000,3478.140000,52.370000,1.151720,3479.490000,3674.480000
"minesweeper_d3.txt",minesweeper,08x08,08x08,ff,-1,8,178.651000,2437.420000,18.380000,7.092480,2444.640000,2623.520000
"minesweeper_d3.txt",minesweeper,08x08,08x08,ff,-1,16,199.408000,4929.370000,47.710000,2.090940,4931.690000,5131.420000
"minesweeper_d3.txt",minesweeper,08x08,08x08,ff,66,16,179.219000,4690.680000,39.110000,7.253390,4698.190000,4877.620000
"minesweeper_d3.txt",minesweeper,08x08,08x08,ff,-1,5,187.988000,1426.750000,27.350000,0.980133,1427.810000,1616.030000
"minesweeper_d3.txt",minesweeper,08x08,08x08,ff,-1,10,181.067000,2945.270000,18.480000,7.568010,2953.010000,3134.310000
"minesweeper_d3.txt",minesweeper,08x08,08x08,ff,66,14,194.960000,3943.890000,35.480000,7.232940,3951.350000,4146.550000
"minesweeper_d3.txt",minesweeper,08x08,08x08,ff,-1,13,193.052000,3656.920000,47.410000,6.748490,3663.840000,3857.230000
"minesweeper_d3.txt",minesweeper,08x08,08x08,ff,-1,12,177.879000,3646.480000,58.110000,1.235440,3647.860000,3825.960000
"minesweeper_d3.txt",minesweeper,08x08,08x08,ff,66,13,178.183000,3912.250000,22.920000,8.036580,3920.470000,4098.880000
"minesweeper_d3.txt",minesweeper,08x08,08x08,ff,-1,10,199.316000,3169.600000,22.090000,5.456790,3175.230000,3374.830000
"minesweeper_d3.txt",minesweeper,08x08,08x08,ff,-1,10,193.260000,2938.550000,18.560000,5.196460,2943.930000,3137.460000
"minesweeper_d3.txt",minesweeper,08x08,08x08,ff,66,15,179.067000,4310.300000,37.810000,8.224320,4318.770000,4498.060000
"minesweeper_d3.txt",minesweeper,08x08,08x08,ff,66,13,195.120000,3708.100000,31.310000,7.288380,3715.590000,3910.970000
"minesweeper_d3.txt",minesweeper,08x08,08x08,ff,66,23,176.371000,6386.440000,45.980000,6.973480,6393.760000,6570.350000
"minesweeper_d3.txt",minesweeper,08x08,08x08,ff,66,23,197.720000,6570.390000,75.980000,6.402420,6577.130000,6775.130000
"minesweeper_d3.txt",minesweeper,08x08,08x08,ff,66,13,191.140000,3845.280000,149.590000,6.648760,3852.130000,4043.550000
"minesweeper_d3.txt",minesweeper,08x08,08x08,ff,-1,10,178.399000,2997.750000,53.200000,0.748413,2998.640000,3177.250000
"minesweeper_d3.txt",minesweeper,08x08,08x08,ff,66,19,192.200000,5446.120000,29.200000,8.447720,5454.920000,5647.380000
